Family,Total,"Less than $10,000","$10,000 to $14,999","$15,000 to $24,999","$25,000 to $34,999","$35,000 to $49,999","$50,000 to $74,999","$75,000 to $99,999","$100,000 to $149,999","$150,000 to $199,999","$200,000 or more",Median income (dollars),Mean income (dollars),,Household income in the past 12 months,Family income in the past 12 months,Nonfamily income in the past 12 months
Alabama!!Households!!Estimate,"2,016,448",7.60%,5.20%,9.30%,8.60%,12.00%,16.70%,12.60%,14.90%,6.40%,6.70%,"59,674","82,956",,38.90%,(X),(X)
Alabama!!Households!!Margin of Error,"±11,475",±0.3,±0.3,±0.3,±0.5,±0.4,±0.5,±0.4,±0.5,±0.3,±0.3,±727,"±1,020",,(X),(X),(X)
Alabama!!Families!!Estimate,"1,308,988",4.40%,3.00%,6.00%,6.90%,10.70%,17.30%,14.40%,19.40%,8.70%,9.20%,"77,668","100,785",,(X),40.80%,(X)
Alabama!!Families!!Margin of Error,"±13,948",±0.4,±0.3,±0.4,±0.5,±0.5,±0.5,±0.5,±0.7,±0.4,±0.5,"±1,070","±1,464",,(X),(X),(X)
Alabama!!Married-couple families!!Estimate,"941,596",1.70%,1.10%,3.40%,4.90%,8.40%,17.20%,16.50%,23.60%,11.20%,12.10%,"94,370","118,799",,(X),(X),(X)
Alabama!!Married-couple families!!Margin of Error,"±14,004",±0.2,±0.2,±0.3,±0.4,±0.5,±0.6,±0.6,±0.9,±0.6,±0.6,"±1,174","±1,673",,(X),(X),(X)
Alabama!!Nonfamily households!!Estimate,"707,460",14.30%,9.80%,15.90%,12.50%,14.50%,15.70%,8.10%,5.70%,1.90%,1.60%,"32,330","47,145",,(X),(X),34.20%
Alabama!!Nonfamily households!!Margin of Error,"±14,662",±0.8,±0.6,±0.7,±0.8,±0.7,±1.0,±0.6,±0.5,±0.3,±0.3,±919,"±1,778",,(X),(X),(X)
Alaska!!Households!!Estimate,"274,574",4.40%,2.50%,5.40%,5.30%,9.10%,15.80%,13.20%,21.80%,11.10%,11.40%,"88,121","109,524",,35.90%,(X),(X)
Alaska!!Households!!Margin of Error,"±3,261",±0.7,±0.4,±0.8,±0.6,±0.8,±1.3,±1.0,±1.4,±1.0,±1.1,"±2,804","±2,730",,(X),(X),(X)
Alaska!!Families!!Estimate,"175,789",3.10%,1.10%,3.80%,3.60%,7.50%,15.00%,12.70%,25.40%,14.00%,14.00%,"105,329","124,663",,(X),37.70%,(X)
Alaska!!Families!!Margin of Error,"±4,082",±0.7,±0.4,±0.7,±0.5,±1.0,±1.4,±1.3,±1.7,±1.3,±1.2,"±2,285","±3,539",,(X),(X),(X)
Alaska!!Married-couple families!!Estimate,"129,511",1.30%,0.80%,2.10%,2.80%,4.80%,13.20%,13.60%,27.20%,16.60%,17.60%,"115,920","141,287",,(X),(X),(X)
Alaska!!Married-couple families!!Margin of Error,"±4,096",±0.4,±0.3,±0.6,±0.6,±1.0,±1.6,±1.6,±1.9,±1.5,±1.5,"±3,720","±4,407",,(X),(X),(X)
Alaska!!Nonfamily households!!Estimate,"98,785",7.90%,5.30%,9.10%,8.60%,13.10%,18.00%,13.10%,15.90%,4.70%,4.30%,"57,657","74,242",,(X),(X),30.30%
Alaska!!Nonfamily households!!Margin of Error,"±4,167",±1.5,±1.0,±1.5,±1.4,±1.6,±2.1,±1.5,±2.2,±1.1,±1.4,"±5,211","±4,733",,(X),(X),(X)
Arizona!!Households!!Estimate,"2,850,377",5.40%,3.00%,6.20%,7.30%,11.00%,17.30%,13.80%,17.80%,8.60%,9.60%,"74,568","101,316",,38.90%,(X),(X)
Arizona!!Households!!Margin of Error,"±11,519",±0.3,±0.2,±0.3,±0.3,±0.4,±0.4,±0.4,±0.4,±0.3,±0.3,±932,"±1,391",,(X),(X),(X)
Arizona!!Families!!Estimate,"1,843,530",3.70%,1.50%,3.90%,5.90%,9.70%,16.80%,15.10%,20.80%,10.30%,12.30%,"88,679","116,717",,(X),40.80%,(X)
Arizona!!Families!!Margin of Error,"±15,179",±0.3,±0.2,±0.3,±0.3,±0.4,±0.5,±0.5,±0.5,±0.4,±0.4,"±1,187","±1,822",,(X),(X),(X)
Arizona!!Married-couple families!!Estimate,"1,332,270",2.00%,0.90%,2.80%,3.90%,7.70%,15.30%,15.30%,23.50%,12.70%,15.70%,"103,182","133,297",,(X),(X),(X)
Arizona!!Married-couple families!!Margin of Error,"±14,065",±0.2,±0.2,±0.3,±0.3,±0.4,±0.5,±0.6,±0.6,±0.5,±0.6,"±1,250","±1,904",,(X),(X),(X)
Arizona!!Nonfamily households!!Estimate,"1,006,847",9.90%,5.90%,10.80%,10.90%,14.70%,18.50%,10.80%,10.80%,4.10%,3.80%,"47,840","66,724",,(X),(X),33.60%
Arizona!!Nonfamily households!!Margin of Error,"±15,822",±0.6,±0.5,±0.5,±0.6,±0.7,±0.8,±0.6,±0.6,±0.3,±0.4,"±1,067","±1,965",,(X),(X),(X)
Arkansas!!Households!!Estimate,"1,216,207",7.30%,5.90%,9.50%,9.10%,13.50%,18.10%,12.60%,13.40%,5.10%,5.50%,"55,432","76,853",,38.40%,(X),(X)
Arkansas!!Households!!Margin of Error,"±8,435",±0.5,±0.4,±0.4,±0.4,±0.5,±0.6,±0.4,±0.5,±0.3,±0.4,±994,"±1,172",,(X),(X),(X)
Arkansas!!Families!!Estimate,"777,933",4.50%,2.60%,5.90%,7.60%,13.00%,19.10%,15.40%,17.50%,7.00%,7.40%,"70,708","92,935",,(X),39.80%,(X)
Arkansas!!Families!!Margin of Error,"±11,579",±0.5,±0.3,±0.5,±0.5,±0.7,±0.8,±0.6,±0.8,±0.5,±0.5,"±1,244","±1,608",,(X),(X),(X)
Arkansas!!Married-couple families!!Estimate,"572,596",1.80%,1.30%,4.20%,5.60%,11.30%,18.60%,17.40%,21.70%,8.80%,9.30%,"84,273","106,939",,(X),(X),(X)
Arkansas!!Married-couple families!!Margin of Error,"±10,329",±0.3,±0.2,±0.5,±0.5,±0.8,±0.8,±0.8,±1.0,±0.6,±0.7,"±1,309","±2,188",,(X),(X),(X)
Arkansas!!Nonfamily households!!Estimate,"438,274",13.10%,11.80%,16.60%,12.60%,14.90%,15.40%,7.00%,5.40%,1.50%,1.80%,"31,230","45,384",,(X),(X),34.40%
Arkansas!!Nonfamily households!!Margin of Error,"±10,059",±1.0,±0.9,±1.0,±0.9,±0.9,±1.1,±0.6,±0.6,±0.4,±0.4,±773,"±1,596",,(X),(X),(X)
California!!Households!!Estimate,"13,550,586",4.80%,3.20%,5.50%,5.90%,8.50%,13.80%,12.00%,17.60%,10.60%,18.00%,"91,551","131,504",,39.90%,(X),(X)
California!!Households!!Margin of Error,"±19,485",±0.1,±0.1,±0.1,±0.1,±0.1,±0.2,±0.2,±0.2,±0.1,±0.2,±471,±672,,(X),(X),(X)
California!!Families!!Estimate,"9,150,804",3.10%,1.70%,4.20%,5.00%,8.10%,13.40%,12.20%,18.90%,11.90%,21.50%,"104,823","147,628",,(X),42.10%,(X)
California!!Families!!Margin of Error,"±33,105",±0.1,±0.1,±0.1,±0.1,±0.2,±0.2,±0.2,±0.3,±0.2,±0.2,±683,±866,,(X),(X),(X)
California!!Married-couple families!!Estimate,"6,516,115",1.60%,1.00%,2.90%,3.50%,6.20%,11.60%,11.80%,20.20%,14.00%,27.30%,"126,577","172,535",,(X),(X),(X)
California!!Married-couple families!!Margin of Error,"±34,316",±0.1,±0.1,±0.1,±0.1,±0.2,±0.2,±0.2,±0.3,±0.3,±0.3,±854,"±1,184",,(X),(X),(X)
California!!Nonfamily households!!Estimate,"4,399,782",9.70%,6.80%,9.10%,8.40%,10.20%,14.80%,11.20%,13.80%,6.80%,9.20%,"59,348","89,374",,(X),(X),33.30%
California!!Nonfamily households!!Margin of Error,"±33,125",±0.2,±0.2,±0.2,±0.2,±0.3,±0.3,±0.3,±0.3,±0.2,±0.2,±751,±995,,(X),(X),(X)
Colorado!!Households!!Estimate,"2,384,584",4.10%,2.50%,5.40%,5.80%,9.20%,15.10%,13.40%,19.00%,10.70%,14.70%,"89,302","119,039",,34.00%,(X),(X)
Colorado!!Households!!Margin of Error,"±7,807",±0.2,±0.2,±0.3,±0.3,±0.3,±0.5,±0.4,±0.5,±0.4,±0.4,"±1,281","±1,252",,(X),(X),(X)
Colorado!!Families!!Estimate,"1,464,182",2.30%,1.10%,3.20%,4.00%,7.10%,13.60%,13.60%,21.90%,13.60%,19.60%,"109,592","142,387",,(X),35.40%,(X)
Colorado!!Families!!Margin of Error,"±10,863",±0.3,±0.2,±0.3,±0.3,±0.4,±0.5,±0.5,±0.6,±0.6,±0.6,"±1,710","±1,990",,(X),(X),(X)
Colorado!!Married-couple families!!Estimate,"1,144,446",1.10%,0.70%,2.00%,2.70%,5.40%,11.70%,13.40%,23.50%,15.80%,23.60%,"125,490","159,025",,(X),(X),(X)
Colorado!!Married-couple families!!Margin of Error,"±10,963",±0.2,±0.1,±0.2,±0.2,±0.4,±0.5,±0.6,±0.7,±0.7,±0.7,"±2,037","±2,241",,(X),(X),(X)
Colorado!!Nonfamily households!!Estimate,"920,402",7.70%,4.80%,9.30%,9.30%,13.10%,17.70%,12.90%,13.70%,5.50%,5.90%,"57,553","77,519",,(X),(X),30.80%
Colorado!!Nonfamily households!!Margin of Error,"±11,816",±0.5,±0.4,±0.6,±0.6,±0.7,±0.8,±0.7,±0.7,±0.4,±0.5,"±1,653","±1,515",,(X),(X),(X)
Connecticut!!Households!!Estimate,"1,433,635",5.10%,3.20%,5.90%,6.00%,8.70%,13.80%,12.60%,17.70%,10.80%,16.30%,"88,429","128,160",,39.00%,(X),(X)
Connecticut!!Households!!Margin of Error,"±7,120",±0.4,±0.3,±0.4,±0.3,±0.5,±0.5,±0.6,±0.6,±0.5,±0.5,"±1,688","±2,313",,(X),(X),(X)
Connecticut!!Families!!Estimate,"902,539",2.60%,1.70%,3.20%,4.00%,7.00%,12.20%,12.90%,20.10%,14.00%,22.40%,"115,183","157,696",,(X),41.20%,(X)
Connecticut!!Families!!Margin of Error,"±10,832",±0.3,±0.3,±0.4,±0.4,±0.6,±0.5,±0.7,±0.8,±0.7,±0.7,"±2,375","±3,051",,(X),(X),(X)
Connecticut!!Married-couple families!!Estimate,"658,900",1.20%,0.60%,1.60%,2.20%,4.80%,10.10%,12.40%,21.80%,16.70%,28.70%,"139,531","185,623",,(X),(X),(X)
Connecticut!!Married-couple families!!Margin of Error,"±11,174",±0.3,±0.2,±0.3,±0.3,±0.5,±0.6,±0.8,±1.0,±0.9,±0.9,"±2,709","±3,748",,(X),(X),(X)
Connecticut!!Nonfamily households!!Estimate,"531,096",9.90%,6.00%,10.90%,9.80%,12.20%,16.80%,11.80%,13.50%,4.50%,4.50%,"50,964","72,770",,(X),(X),33.80%
Connecticut!!Nonfamily households!!Margin of Error,"±11,439",±0.8,±0.6,±0.7,±0.7,±0.8,±0.9,±0.8,±1.0,±0.6,±0.6,"±1,374","±2,549",,(X),(X),(X)
Delaware!!Households!!Estimate,"402,334",4.00%,2.60%,5.80%,7.10%,10.40%,15.90%,13.90%,20.00%,9.40%,10.80%,"82,174","105,438",,35.40%,(X),(X)
Delaware!!Households!!Margin of Error,"±3,985",±0.6,±0.5,±0.6,±0.7,±0.8,±1.1,±0.9,±1.2,±0.8,±0.8,"±2,002","±2,965",,(X),(X),(X)
Delaware!!Families!!Estimate,"263,885",2.40%,1.80%,2.80%,3.90%,8.40%,15.90%,14.80%,23.50%,12.40%,14.20%,"100,128","124,756",,(X),37.80%,(X)
Delaware!!Families!!Margin of Error,"±5,988",±0.6,±0.5,±0.5,±0.7,±1.0,±1.3,±1.2,±1.4,±1.1,±1.1,"±2,996","±4,265",,(X),(X),(X)
Delaware!!Married-couple families!!Estimate,"197,223",1.20%,1.20%,1.40%,2.60%,6.50%,14.30%,14.30%,26.30%,14.60%,17.70%,"112,712","139,819",,(X),(X),(X)
Delaware!!Married-couple families!!Margin of Error,"±5,836",±0.4,±0.6,±0.4,±0.6,±0.9,±1.4,±1.3,±1.8,±1.4,±1.4,"±3,014","±4,418",,(X),(X),(X)
Delaware!!Nonfamily households!!Estimate,"138,449",8.00%,4.60%,11.70%,13.00%,15.90%,17.20%,12.30%,11.20%,2.90%,3.30%,"46,579","62,657",,(X),(X),29.70%
Delaware!!Nonfamily households!!Margin of Error,"±5,414",±1.4,±1.0,±1.2,±1.8,±1.8,±1.7,±1.6,±1.6,±0.7,±0.8,"±2,718","±2,400",,(X),(X),(X)
District of Columbia!!Households!!Estimate,"326,970",6.80%,2.80%,5.10%,4.60%,7.00%,12.30%,10.70%,16.60%,10.30%,23.70%,"101,027","148,872",,30.60%,(X),(X)
District of Columbia!!Households!!Margin of Error,"±3,481",±1.0,±0.6,±1.0,±0.7,±1.0,±1.2,±1.0,±1.3,±0.8,±1.3,"±2,737","±4,601",,(X),(X),(X)
District of Columbia!!Families!!Estimate,"123,868",4.30%,1.20%,4.30%,2.80%,5.50%,9.50%,7.30%,15.50%,11.90%,37.60%,"146,477","202,466",,(X),40.50%,(X)
District of Columbia!!Families!!Margin of Error,"±6,183",±1.4,±0.6,±1.5,±0.9,±1.6,±1.9,±1.6,±2.4,±1.4,±2.3,"±13,498","±8,584",,(X),(X),(X)
District of Columbia!!Married-couple families!!Estimate,"77,550",0.90%,0.10%,2.10%,2.00%,2.10%,5.30%,6.10%,14.00%,13.80%,53.60%,"213,692","265,991",,(X),(X),(X)
District of Columbia!!Married-couple families!!Margin of Error,"±4,586",±0.5,±0.1,±1.1,±0.9,±1.0,±1.6,±1.9,±2.7,±1.8,±2.9,"±9,982","±12,072",,(X),(X),(X)
District of Columbia!!Nonfamily households!!Estimate,"203,102",8.60%,3.80%,5.70%,5.80%,8.20%,14.00%,13.10%,16.90%,9.70%,14.10%,"82,505","112,447",,(X),(X),24.00%
District of Columbia!!Nonfamily households!!Margin of Error,"±6,189",±1.4,±0.8,±1.2,±1.0,±1.3,±1.5,±1.4,±1.5,±1.1,±1.4,"±3,796","±5,167",,(X),(X),(X)
Florida!!Households!!Estimate,"8,826,394",5.60%,3.50%,7.20%,8.00%,11.70%,17.40%,13.40%,16.00%,7.70%,9.50%,"69,303","99,349",,38.20%,(X),(X)
Florida!!Households!!Margin of Error,"±23,013",±0.2,±0.1,±0.2,±0.2,±0.2,±0.2,±0.2,±0.2,±0.1,±0.2,±616,±793,,(X),(X),(X)
Florida!!Families!!Estimate,"5,684,399",3.50%,1.70%,5.00%,6.40%,10.70%,17.50%,14.60%,19.10%,9.40%,12.20%,"83,410","115,717",,(X),40.20%,(X)
Florida!!Families!!Margin of Error,"±26,016",±0.2,±0.1,±0.2,±0.2,±0.3,±0.3,±0.2,±0.3,±0.2,±0.2,±598,±982,,(X),(X),(X)
Florida!!Married-couple families!!Estimate,"4,119,638",1.90%,1.10%,3.30%,4.60%,8.70%,16.00%,15.30%,22.00%,11.50%,15.60%,"98,444","134,074",,(X),(X),(X)
Florida!!Married-couple families!!Margin of Error,"±29,189",±0.1,±0.1,±0.2,±0.2,±0.3,±0.4,±0.3,±0.3,±0.3,±0.3,±812,"±1,313",,(X),(X),(X)
Florida!!Nonfamily households!!Estimate,"3,141,995",10.40%,7.10%,12.10%,11.70%,14.20%,17.60%,10.30%,9.10%,3.60%,3.90%,"43,665","64,627",,(X),(X),33.10%
Florida!!Nonfamily households!!Margin of Error,"±25,744",±0.4,±0.3,±0.3,±0.3,±0.4,±0.4,±0.4,±0.3,±0.2,±0.2,±612,"±1,040",,(X),(X),(X)
Georgia!!Households!!Estimate,"4,092,467",5.60%,3.60%,6.90%,7.30%,11.20%,16.80%,13.30%,16.90%,8.20%,10.20%,"72,837","99,863",,40.80%,(X),(X)
Georgia!!Households!!Margin of Error,"±12,679",±0.2,±0.2,±0.2,±0.2,±0.3,±0.4,±0.3,±0.4,±0.2,±0.2,±640,±908,,(X),(X),(X)
Georgia!!Families!!Estimate,"2,733,234",3.80%,1.80%,4.50%,5.90%,10.20%,16.60%,14.30%,19.40%,10.10%,13.40%,"86,642","116,323",,(X),42.70%,(X)
Georgia!!Families!!Margin of Error,"±19,775",±0.2,±0.2,±0.3,±0.2,±0.3,±0.4,±0.4,±0.5,±0.3,±0.3,±867,"±1,180",,(X),(X),(X)
Georgia!!Married-couple families!!Estimate,"1,917,471",1.50%,0.80%,2.60%,3.80%,8.00%,14.90%,15.10%,22.70%,12.90%,17.70%,"105,880","137,787",,(X),(X),(X)
Georgia!!Married-couple families!!Margin of Error,"±19,807",±0.2,±0.1,±0.2,±0.2,±0.3,±0.5,±0.4,±0.6,±0.4,±0.4,±940,"±1,493",,(X),(X),(X)
Georgia!!Nonfamily households!!Estimate,"1,359,233",10.20%,7.60%,12.30%,11.00%,13.70%,17.40%,10.40%,10.50%,3.70%,3.10%,"44,656","61,965",,(X),(X),35.50%
Georgia!!Nonfamily households!!Margin of Error,"±17,401",±0.4,±0.5,±0.5,±0.6,±0.6,±0.5,±0.6,±0.5,±0.3,±0.3,±924,±928,,(X),(X),(X)
Hawaii!!Households!!Estimate,"494,827",5.30%,2.60%,5.10%,5.20%,8.60%,14.80%,12.00%,20.10%,11.00%,15.40%,"92,458","120,969",,38.70%,(X),(X)
Hawaii!!Households!!Margin of Error,"±4,463",±0.6,±0.3,±0.5,±0.6,±0.6,±0.9,±0.7,±1.0,±0.7,±0.7,"±2,241","±2,397",,(X),(X),(X)
Hawaii!!Families!!Estimate,"335,052",2.60%,1.40%,3.00%,4.50%,8.00%,13.50%,12.20%,23.20%,13.00%,18.50%,"108,285","135,028",,(X),40.80%,(X)
Hawaii!!Families!!Margin of Error,"±5,901",±0.5,±0.3,±0.4,±0.6,±0.8,±0.9,±0.9,±1.2,±0.9,±1.0,"±2,332","±3,088",,(X),(X),(X)
Hawaii!!Married-couple families!!Estimate,"240,727",1.30%,0.70%,1.90%,3.30%,6.20%,11.90%,12.20%,24.80%,15.10%,22.60%,"122,592","151,985",,(X),(X),(X)
Hawaii!!Married-couple families!!Margin of Error,"±5,335",±0.4,±0.3,±0.4,±0.5,±0.9,±1.1,±1.0,±1.5,±1.3,±1.2,"±3,409","±3,721",,(X),(X),(X)
Hawaii!!Nonfamily households!!Estimate,"159,775",11.40%,5.60%,10.40%,7.70%,11.50%,18.90%,11.10%,12.60%,5.30%,5.50%,"53,295","76,308",,(X),(X),31.90%
Hawaii!!Nonfamily households!!Margin of Error,"±5,300",±1.5,±0.8,±1.3,±1.2,±1.1,±1.6,±1.2,±1.2,±1.0,±1.0,"±2,199","±3,514",,(X),(X),(X)
Idaho!!Households!!Estimate,"717,151",3.80%,3.40%,6.50%,7.60%,11.50%,19.00%,15.40%,18.00%,7.00%,7.70%,"72,785","94,503",,34.30%,(X),(X)
Idaho!!Households!!Margin of Error,"±4,796",±0.3,±0.4,±0.5,±0.5,±0.7,±0.8,±0.9,±0.7,±0.5,±0.5,"±1,134","±1,951",,(X),(X),(X)
Idaho!!Families!!Estimate,"491,073",2.40%,1.70%,3.60%,5.50%,10.50%,18.40%,18.10%,21.50%,8.60%,9.80%,"85,193","108,727",,(X),34.40%,(X)
Idaho!!Families!!Margin of Error,"±7,254",±0.3,±0.3,±0.4,±0.5,±0.7,±0.9,±1.1,±0.8,±0.6,±0.7,"±1,411","±2,765",,(X),(X),(X)
Idaho!!Married-couple families!!Estimate,"396,372",1.30%,1.10%,2.60%,3.80%,8.90%,17.90%,18.90%,24.20%,9.90%,11.50%,"93,252","119,113",,(X),(X),(X)
Idaho!!Married-couple families!!Margin of Error,"±7,169",±0.3,±0.3,±0.4,±0.5,±0.7,±0.9,±1.2,±0.9,±0.7,±0.9,"±1,527","±3,458",,(X),(X),(X)
Idaho!!Nonfamily households!!Estimate,"226,078",8.00%,7.60%,13.10%,13.40%,15.80%,19.50%,9.10%,8.50%,2.60%,2.40%,"42,145","57,863",,(X),(X),32.30%
Idaho!!Nonfamily households!!Margin of Error,"±6,123",±0.9,±0.9,±1.3,±1.3,±1.3,±1.6,±1.0,±1.1,±0.5,±0.4,"±1,724","±2,581",,(X),(X),(X)
Illinois!!Households!!Estimate,"5,056,360",5.90%,3.50%,6.50%,7.10%,10.10%,15.90%,12.90%,17.60%,9.00%,11.60%,"76,708","106,728",,38.50%,(X),(X)
Illinois!!Households!!Margin of Error,"±12,532",±0.2,±0.1,±0.2,±0.2,±0.2,±0.3,±0.3,±0.3,±0.2,±0.3,±584,±840,,(X),(X),(X)
Illinois!!Families!!Estimate,"3,137,923",3.40%,1.70%,4.00%,5.20%,8.30%,15.10%,13.80%,20.80%,11.90%,15.90%,"96,948","129,493",,(X),40.90%,(X)
Illinois!!Families!!Margin of Error,"±19,933",±0.2,±0.1,±0.2,±0.3,±0.3,±0.4,±0.3,±0.4,±0.3,±0.4,±927,"±1,172",,(X),(X),(X)
Illinois!!Married-couple families!!Estimate,"2,282,497",1.30%,0.70%,2.10%,3.40%,6.40%,13.50%,13.80%,23.70%,14.60%,20.50%,"116,450","151,829",,(X),(X),(X)
Illinois!!Married-couple families!!Margin of Error,"±19,532",±0.1,±0.1,±0.2,±0.2,±0.3,±0.4,±0.3,±0.5,±0.4,±0.4,±898,"±1,364",,(X),(X),(X)
Illinois!!Nonfamily households!!Estimate,"1,918,437",10.40%,6.80%,11.20%,10.60%,13.60%,17.50%,11.00%,11.40%,3.70%,3.80%,"46,533","65,371",,(X),(X),33.30%
Illinois!!Nonfamily households!!Margin of Error,"±18,723",±0.4,±0.3,±0.4,±0.5,±0.4,±0.5,±0.4,±0.5,±0.2,±0.3,±744,"±1,109",,(X),(X),(X)
Indiana!!Households!!Estimate,"2,726,489",5.60%,3.80%,7.10%,8.20%,12.60%,18.00%,14.10%,16.60%,7.30%,6.80%,"66,785","88,805",,35.50%,(X),(X)
Indiana!!Households!!Margin of Error,"±11,359",±0.2,±0.2,±0.3,±0.3,±0.3,±0.4,±0.3,±0.4,±0.3,±0.2,±659,±868,,(X),(X),(X)
Indiana!!Families!!Estimate,"1,740,106",3.50%,2.00%,4.00%,5.60%,10.50%,18.10%,16.10%,20.90%,9.90%,9.50%,"84,508","106,944",,(X),36.70%,(X)
Indiana!!Families!!Margin of Error,"±15,718",±0.3,±0.2,±0.3,±0.3,±0.4,±0.5,±0.4,±0.6,±0.4,±0.3,±883,"±1,207",,(X),(X),(X)
Indiana!!Married-couple families!!Estimate,"1,307,913",1.10%,1.00%,2.10%,3.80%,8.50%,17.20%,17.50%,24.70%,12.10%,11.90%,"97,914","122,445",,(X),(X),(X)
Indiana!!Married-couple families!!Margin of Error,"±16,414",±0.2,±0.1,±0.2,±0.3,±0.4,±0.5,±0.5,±0.8,±0.5,±0.4,"±1,132","±1,425",,(X),(X),(X)
Indiana!!Nonfamily households!!Estimate,"986,383",10.10%,7.50%,13.30%,13.40%,16.70%,17.90%,9.60%,7.70%,2.20%,1.70%,"39,768","53,033",,(X),(X),32.20%
Indiana!!Nonfamily households!!Margin of Error,"±15,051",±0.6,±0.5,±0.6,±0.6,±0.7,±0.6,±0.5,±0.5,±0.3,±0.2,±699,±949,,(X),(X),(X)
Iowa!!Households!!Estimate,"1,330,995",4.30%,3.60%,7.50%,7.40%,12.20%,18.40%,14.20%,17.30%,7.80%,7.30%,"69,588","92,695",,33.40%,(X),(X)
Iowa!!Households!!Margin of Error,"±5,631",±0.3,±0.3,±0.4,±0.3,±0.5,±0.5,±0.4,±0.4,±0.3,±0.3,±889,"±1,332",,(X),(X),(X)
Iowa!!Families!!Estimate,"821,960",2.50%,1.60%,3.70%,4.80%,9.60%,17.00%,16.50%,22.90%,11.00%,10.40%,"90,851","114,205",,(X),33.80%,(X)
Iowa!!Families!!Margin of Error,"±8,203",±0.3,±0.2,±0.4,±0.3,±0.6,±0.6,±0.6,±0.6,±0.4,±0.5,"±1,014","±1,764",,(X),(X),(X)
Iowa!!Married-couple families!!Estimate,"646,759",0.90%,0.60%,2.20%,3.20%,7.30%,15.70%,17.50%,26.50%,13.30%,12.60%,"103,754","128,072",,(X),(X),(X)
Iowa!!Married-couple families!!Margin of Error,"±8,553",±0.1,±0.1,±0.3,±0.3,±0.5,±0.7,±0.6,±0.6,±0.5,±0.6,"±1,256","±2,038",,(X),(X),(X)
Iowa!!Nonfamily households!!Estimate,"509,035",8.10%,7.20%,14.20%,12.20%,17.30%,20.00%,10.10%,6.90%,1.90%,2.00%,"41,504","54,531",,(X),(X),31.50%
Iowa!!Nonfamily households!!Margin of Error,"±8,555",±0.6,±0.5,±0.7,±0.7,±0.9,±1.0,±0.6,±0.7,±0.3,±0.3,±811,"±1,551",,(X),(X),(X)
Kansas!!Households!!Estimate,"1,175,294",5.30%,3.60%,7.50%,8.10%,11.70%,17.80%,13.50%,16.90%,7.60%,8.10%,"68,925","93,221",,35.90%,(X),(X)
Kansas!!Households!!Margin of Error,"±6,195",±0.4,±0.3,±0.4,±0.4,±0.5,±0.6,±0.5,±0.5,±0.3,±0.4,"±1,152","±1,338",,(X),(X),(X)
Kansas!!Families!!Estimate,"740,407",2.80%,1.60%,3.80%,5.30%,9.40%,17.50%,15.80%,22.20%,10.30%,11.20%,"89,712","113,962",,(X),37.20%,(X)
Kansas!!Families!!Margin of Error,"±9,430",±0.3,±0.3,±0.4,±0.4,±0.5,±0.7,±0.7,±0.6,±0.5,±0.5,"±1,178","±2,055",,(X),(X),(X)
Kansas!!Married-couple families!!Estimate,"574,286",1.40%,0.80%,2.00%,3.30%,7.60%,16.60%,16.70%,25.30%,12.50%,13.70%,"102,123","128,205",,(X),(X),(X)
Kansas!!Married-couple families!!Margin of Error,"±9,532",±0.2,±0.2,±0.2,±0.3,±0.6,±0.7,±0.7,±0.7,±0.6,±0.6,"±1,279","±2,516",,(X),(X),(X)
Kansas!!Nonfamily households!!Estimate,"434,887",10.30%,7.20%,14.10%,13.50%,16.00%,18.60%,8.70%,6.90%,2.40%,2.20%,"39,735","54,058",,(X),(X),32.30%
Kansas!!Nonfamily households!!Margin of Error,"±8,580",±0.9,±0.7,±0.8,±0.9,±0.8,±1.0,±0.7,±0.6,±0.4,±0.4,"±1,255","±1,716",,(X),(X),(X)
Kentucky!!Households!!Estimate,"1,828,680",6.80%,5.80%,8.90%,8.90%,12.40%,17.50%,12.60%,14.90%,6.20%,6.00%,"59,341","82,614",,34.60%,(X),(X)
Kentucky!!Households!!Margin of Error,"±8,263",±0.3,±0.3,±0.3,±0.4,±0.4,±0.5,±0.4,±0.5,±0.3,±0.3,±924,"±1,237",,(X),(X),(X)
Kentucky!!Families!!Estimate,"1,172,125",4.30%,2.80%,5.90%,7.40%,11.10%,17.70%,14.70%,19.50%,8.40%,8.20%,"76,119","99,631",,(X),36.10%,(X)
Kentucky!!Families!!Margin of Error,"±12,188",±0.3,±0.3,±0.4,±0.4,±0.4,±0.6,±0.5,±0.6,±0.4,±0.4,"±1,049","±1,642",,(X),(X),(X)
Kentucky!!Married-couple families!!Estimate,"860,710",1.90%,1.40%,3.70%,5.80%,9.00%,17.20%,16.50%,23.40%,10.60%,10.50%,"91,212","115,427",,(X),(X),(X)
Kentucky!!Married-couple families!!Margin of Error,"±12,785",±0.2,±0.2,±0.3,±0.5,±0.5,±0.7,±0.6,±0.7,±0.6,±0.5,"±1,284","±1,997",,(X),(X),(X)
Kentucky!!Nonfamily households!!Estimate,"656,555",12.30%,11.40%,15.00%,12.30%,15.50%,16.50%,7.90%,5.80%,1.60%,1.70%,"33,993","48,151",,(X),(X),30.60%
Kentucky!!Nonfamily households!!Margin of Error,"±10,650",±0.7,±0.7,±0.7,±0.6,±0.9,±0.9,±0.5,±0.5,±0.3,±0.2,±894,"±1,555",,(X),(X),(X)
Louisiana!!Households!!Estimate,"1,816,902",7.90%,6.00%,10.20%,9.40%,12.00%,16.40%,11.50%,14.20%,6.20%,6.20%,"55,416","79,175",,39.90%,(X),(X)
Louisiana!!Households!!Margin of Error,"±10,634",±0.4,±0.3,±0.5,±0.5,±0.4,±0.5,±0.4,±0.5,±0.3,±0.3,±800,±989,,(X),(X),(X)
Louisiana!!Families!!Estimate,"1,131,137",5.00%,2.90%,7.70%,8.00%,10.80%,16.90%,13.40%,18.20%,8.30%,8.70%,"72,866","96,505",,(X),41.70%,(X)
Louisiana!!Families!!Margin of Error,"±14,836",±0.4,±0.3,±0.5,±0.5,±0.5,±0.7,±0.6,±0.7,±0.5,±0.4,"±1,324","±1,397",,(X),(X),(X)
Louisiana!!Married-couple families!!Estimate,"754,142",1.70%,1.00%,3.90%,5.30%,8.90%,16.50%,15.70%,22.90%,11.60%,12.30%,"94,699","119,167",,(X),(X),(X)
Louisiana!!Married-couple families!!Margin of Error,"±12,873",±0.3,±0.2,±0.4,±0.5,±0.5,±0.7,±0.8,±0.9,±0.6,±0.6,"±1,428","±1,798",,(X),(X),(X)
Louisiana!!Nonfamily households!!Estimate,"685,765",13.80%,11.30%,15.40%,12.00%,14.20%,14.70%,8.20%,6.70%,2.10%,1.60%,"32,360","47,270",,(X),(X),35.50%
Louisiana!!Nonfamily households!!Margin of Error,"±12,298",±0.8,±0.7,±0.8,±0.8,±0.8,±0.8,±0.6,±0.5,±0.3,±0.3,±864,"±1,336",,(X),(X),(X)
Maine!!Households!!Estimate,"605,338",4.70%,4.00%,7.60%,7.60%,11.90%,17.60%,13.70%,17.30%,7.70%,7.90%,"69,543","93,555",,33.10%,(X),(X)
Maine!!Households!!Margin of Error,"±5,032",±0.5,±0.4,±0.5,±0.5,±0.6,±0.8,±0.8,±0.7,±0.6,±0.6,"±1,494","±2,231",,(X),(X),(X)
Maine!!Families!!Estimate,"370,935",2.10%,1.50%,3.90%,5.10%,10.40%,18.20%,15.40%,21.80%,10.20%,11.20%,"88,063","114,321",,(X),33.30%,(X)
Maine!!Families!!Margin of Error,"±6,284",±0.5,±0.3,±0.5,±0.6,±0.7,±1.0,±0.9,±0.9,±0.8,±0.9,"±2,214","±3,113",,(X),(X),(X)
Maine!!Married-couple families!!Estimate,"292,681",1.10%,0.80%,2.90%,3.60%,8.50%,16.90%,15.90%,25.10%,11.70%,13.40%,"100,366","127,359",,(X),(X),(X)
Maine!!Married-couple families!!Margin of Error,"±5,984",±0.2,±0.2,±0.5,±0.5,±0.7,±0.9,±1.0,±1.1,±0.9,±1.0,"±2,748","±3,627",,(X),(X),(X)
Maine!!Nonfamily households!!Estimate,"234,403",9.30%,8.30%,13.90%,12.70%,15.40%,17.20%,10.10%,8.20%,2.90%,2.10%,"40,639","55,434",,(X),(X),31.20%
Maine!!Nonfamily households!!Margin of Error,"±6,361",±1.1,±0.9,±1.1,±1.0,±1.2,±1.4,±1.1,±0.9,±0.5,±0.5,"±1,513","±2,071",,(X),(X),(X)
Maryland!!Households!!Estimate,"2,375,984",4.80%,2.60%,4.90%,5.50%,8.30%,13.50%,12.50%,18.70%,11.60%,17.50%,"94,991","125,876",,37.70%,(X),(X)
Maryland!!Households!!Margin of Error,"±8,175",±0.3,±0.2,±0.3,±0.3,±0.3,±0.4,±0.5,±0.5,±0.4,±0.4,"±1,080","±1,355",,(X),(X),(X)
Maryland!!Families!!Estimate,"1,546,282",2.70%,1.20%,3.10%,4.20%,7.00%,12.10%,12.00%,20.50%,14.20%,23.20%,"117,294","148,486",,(X),39.40%,(X)
Maryland!!Families!!Margin of Error,"±14,790",±0.2,±0.2,±0.3,±0.3,±0.4,±0.5,±0.5,±0.6,±0.5,±0.7,"±1,435","±1,793",,(X),(X),(X)
Maryland!!Married-couple families!!Estimate,"1,104,626",1.10%,0.60%,1.90%,2.40%,4.90%,9.50%,11.50%,21.60%,16.50%,30.10%,"141,599","172,927",,(X),(X),(X)
Maryland!!Married-couple families!!Margin of Error,"±13,299",±0.2,±0.1,±0.3,±0.3,±0.3,±0.5,±0.6,±0.8,±0.6,±0.8,"±1,724","±2,074",,(X),(X),(X)
Maryland!!Nonfamily households!!Estimate,"829,702",9.60%,5.60%,8.90%,8.90%,11.60%,16.80%,12.90%,14.40%,6.00%,5.40%,"57,179","77,318",,(X),(X),32.80%
Maryland!!Nonfamily households!!Margin of Error,"±14,716",±0.5,±0.6,±0.6,±0.7,±0.7,±0.7,±0.8,±0.8,±0.5,±0.4,"±1,731","±1,849",,(X),(X),(X)
Massachusetts!!Households!!Estimate,"2,797,776",5.20%,3.60%,5.60%,5.60%,8.30%,12.70%,11.30%,17.60%,11.00%,19.00%,"94,488","133,823",,39.40%,(X),(X)
Massachusetts!!Households!!Margin of Error,"±8,835",±0.2,±0.2,±0.2,±0.3,±0.3,±0.4,±0.3,±0.4,±0.3,±0.4,"±1,260","±1,651",,(X),(X),(X)
Massachusetts!!Families!!Estimate,"1,724,355",2.90%,1.50%,3.40%,4.20%,6.70%,11.50%,11.10%,19.80%,13.40%,25.40%,"120,263","162,406",,(X),41.70%,(X)
Massachusetts!!Families!!Margin of Error,"±13,855",±0.2,±0.2,±0.3,±0.3,±0.4,±0.5,±0.4,±0.5,±0.4,±0.6,"±1,404","±2,429",,(X),(X),(X)
Massachusetts!!Married-couple families!!Estimate,"1,263,224",1.20%,0.60%,1.90%,2.60%,4.60%,9.20%,10.70%,20.90%,16.00%,32.30%,"145,577","191,170",,(X),(X),(X)
Massachusetts!!Married-couple families!!Margin of Error,"±13,630",±0.2,±0.1,±0.2,±0.3,±0.3,±0.4,±0.5,±0.6,±0.6,±0.7,"±1,609","±2,989",,(X),(X),(X)
Massachusetts!!Nonfamily households!!Estimate,"1,073,421",9.60%,7.30%,9.70%,8.30%,11.10%,15.30%,11.50%,13.50%,6.40%,7.40%,"55,979","82,617",,(X),(X),34.50%
Massachusetts!!Nonfamily households!!Margin of Error,"±13,764",±0.5,±0.5,±0.5,±0.5,±0.6,±0.7,±0.5,±0.6,±0.4,±0.4,"±1,580","±1,855",,(X),(X),(X)
Michigan!!Households!!Estimate,"4,089,794",5.70%,4.00%,7.60%,8.10%,12.00%,17.60%,13.20%,16.40%,7.50%,8.10%,"66,986","91,856",,36.70%,(X),(X)
Michigan!!Households!!Margin of Error,"±11,504",±0.2,±0.2,±0.2,±0.2,±0.2,±0.3,±0.3,±0.3,±0.2,±0.2,±675,±714,,(X),(X),(X)
Michigan!!Families!!Estimate,"2,548,560",3.50%,2.00%,4.40%,5.70%,10.00%,17.40%,15.00%,20.50%,10.20%,11.30%,"85,865","111,255",,(X),38.00%,(X)
Michigan!!Families!!Margin of Error,"±17,210",±0.2,±0.2,±0.2,±0.3,±0.3,±0.4,±0.4,±0.4,±0.3,±0.3,±844,"±1,009",,(X),(X),(X)
Michigan!!Married-couple families!!Estimate,"1,868,821",1.40%,0.80%,2.60%,4.00%,7.80%,16.10%,15.90%,24.30%,12.80%,14.40%,"102,076","128,843",,(X),(X),(X)
Michigan!!Married-couple families!!Margin of Error,"±17,438",±0.1,±0.1,±0.2,±0.2,±0.3,±0.4,±0.4,±0.5,±0.4,±0.3,±856,"±1,312",,(X),(X),(X)
Michigan!!Nonfamily households!!Estimate,"1,541,234",10.20%,7.80%,13.20%,12.60%,15.70%,17.90%,9.50%,8.40%,2.50%,2.30%,"40,459","56,097",,(X),(X),33.50%
Michigan!!Nonfamily households!!Margin of Error,"±16,450",±0.4,±0.4,±0.5,±0.4,±0.5,±0.6,±0.4,±0.4,±0.2,±0.2,±543,±982,,(X),(X),(X)
Minnesota!!Households!!Estimate,"2,322,190",4.30%,3.10%,5.60%,6.40%,9.80%,16.30%,13.80%,19.00%,10.20%,11.60%,"82,338","109,737",,32.30%,(X),(X)
Minnesota!!Households!!Margin of Error,"±6,929",±0.3,±0.2,±0.2,±0.2,±0.3,±0.3,±0.3,±0.3,±0.3,±0.3,±749,"±1,087",,(X),(X),(X)
Minnesota!!Families!!Estimate,"1,456,312",2.20%,1.30%,2.90%,4.10%,7.40%,14.50%,14.70%,23.30%,13.60%,16.10%,"105,324","133,458",,(X),33.00%,(X)
Minnesota!!Families!!Margin of Error,"±12,349",±0.3,±0.1,±0.2,±0.3,±0.3,±0.4,±0.4,±0.5,±0.4,±0.4,±797,"±1,444",,(X),(X),(X)
Minnesota!!Married-couple families!!Estimate,"1,147,255",1.00%,0.70%,1.70%,2.60%,5.50%,12.60%,14.80%,25.90%,15.90%,19.30%,"119,140","149,174",,(X),(X),(X)
Minnesota!!Married-couple families!!Margin of Error,"±11,307",±0.1,±0.1,±0.2,±0.2,±0.3,±0.4,±0.5,±0.5,±0.5,±0.5,"±1,207","±1,714",,(X),(X),(X)
Minnesota!!Nonfamily households!!Estimate,"865,878",8.70%,6.30%,10.60%,11.10%,14.50%,19.50%,11.60%,10.70%,3.70%,3.30%,"48,461","65,533",,(X),(X),29.80%
Minnesota!!Nonfamily households!!Margin of Error,"±11,838",±0.5,±0.4,±0.5,±0.6,±0.7,±0.7,±0.6,±0.5,±0.3,±0.3,"±1,190","±1,417",,(X),(X),(X)
Mississippi!!Households!!Estimate,"1,148,340",8.10%,6.40%,10.60%,9.30%,13.20%,17.40%,12.10%,13.20%,4.80%,4.90%,"52,719","72,624",,41.00%,(X),(X)
Mississippi!!Households!!Margin of Error,"±8,056",±0.4,±0.4,±0.4,±0.5,±0.6,±0.7,±0.6,±0.6,±0.3,±0.3,±895,"±1,038",,(X),(X),(X)
Mississippi!!Families!!Estimate,"754,264",5.10%,3.10%,7.60%,8.20%,12.50%,18.40%,14.90%,17.10%,6.60%,6.50%,"66,973","87,442",,(X),43.70%,(X)
Mississippi!!Families!!Margin of Error,"±11,027",±0.5,±0.3,±0.6,±0.6,±0.8,±0.9,±0.8,±0.8,±0.5,±0.5,"±1,560","±1,483",,(X),(X),(X)
Mississippi!!Married-couple families!!Estimate,"503,356",1.90%,1.40%,4.10%,5.70%,10.40%,18.80%,17.40%,22.60%,8.70%,9.10%,"85,762","106,427",,(X),(X),(X)
Mississippi!!Married-couple families!!Margin of Error,"±9,840",±0.4,±0.2,±0.5,±0.6,±0.8,±1.1,±1.1,±1.1,±0.7,±0.6,"±1,424","±2,015",,(X),(X),(X)
Mississippi!!Nonfamily households!!Estimate,"394,076",15.10%,13.30%,17.20%,11.70%,14.80%,14.50%,6.40%,4.40%,1.20%,1.40%,"28,667","40,989",,(X),(X),34.90%
Mississippi!!Nonfamily households!!Margin of Error,"±9,362",±1.0,±1.1,±0.9,±0.8,±0.9,±1.0,±0.6,±0.6,±0.3,±0.4,"±1,309","±1,658",,(X),(X),(X)
Missouri!!Households!!Estimate,"2,521,832",5.70%,4.40%,7.70%,8.50%,12.30%,17.90%,13.40%,16.20%,6.90%,7.00%,"64,811","88,586",,35.30%,(X),(X)
Missouri!!Households!!Margin of Error,"±11,480",±0.2,±0.2,±0.3,±0.3,±0.3,±0.4,±0.4,±0.4,±0.3,±0.3,±733,"±1,068",,(X),(X),(X)
Missouri!!Families!!Estimate,"1,569,735",3.20%,1.90%,4.50%,6.30%,10.40%,17.90%,15.50%,20.80%,9.70%,9.80%,"83,420","108,019",,(X),36.10%,(X)
Missouri!!Families!!Margin of Error,"±16,545",±0.3,±0.2,±0.3,±0.4,±0.4,±0.5,±0.5,±0.6,±0.4,±0.4,±949,"±1,412",,(X),(X),(X)
Missouri!!Married-couple families!!Estimate,"1,168,049",1.50%,0.90%,2.50%,4.30%,8.20%,17.00%,16.70%,24.50%,11.80%,12.50%,"98,090","123,979",,(X),(X),(X)
Missouri!!Married-couple families!!Margin of Error,"±15,509",±0.2,±0.1,±0.2,±0.4,±0.4,±0.5,±0.7,±0.7,±0.5,±0.4,"±1,097","±1,791",,(X),(X),(X)
Missouri!!Nonfamily households!!Estimate,"952,097",10.70%,9.00%,13.50%,12.80%,16.00%,18.00%,8.90%,7.10%,1.90%,2.10%,"38,435","52,852",,(X),(X),32.70%
Missouri!!Nonfamily households!!Margin of Error,"±15,163",±0.6,±0.5,±0.6,±0.6,±0.6,±0.7,±0.5,±0.4,±0.3,±0.2,±948,"±1,171",,(X),(X),(X)
Montana!!Households!!Estimate,"464,072",5.00%,4.40%,7.40%,7.80%,12.50%,17.90%,15.00%,16.00%,6.60%,7.50%,"67,631","90,874",,36.20%,(X),(X)
Montana!!Households!!Margin of Error,"±4,326",±0.5,±0.5,±0.6,±0.6,±0.7,±1.0,±0.8,±1.0,±0.6,±0.6,"±1,496","±2,372",,(X),(X),(X)
Montana!!Families!!Estimate,"282,216",2.60%,1.90%,3.60%,5.70%,10.30%,18.90%,17.10%,21.10%,9.30%,9.50%,"83,580","109,448",,(X),38.00%,(X)
Montana!!Families!!Margin of Error,"±5,376",±0.5,±0.4,±0.6,±0.7,±0.9,±1.3,±1.1,±1.3,±1.0,±0.8,"±1,825","±3,615",,(X),(X),(X)
Montana!!Married-couple families!!Estimate,"223,380",1.40%,0.90%,2.30%,4.20%,8.90%,17.70%,18.30%,23.70%,11.20%,11.40%,"94,791","121,898",,(X),(X),(X)
Montana!!Married-couple families!!Margin of Error,"±5,140",±0.4,±0.3,±0.5,±0.7,±0.9,±1.3,±1.4,±1.7,±1.1,±1.0,"±2,641","±4,352",,(X),(X),(X)
Montana!!Nonfamily households!!Estimate,"181,856",9.30%,8.20%,13.70%,12.40%,16.40%,16.40%,10.20%,7.90%,2.10%,3.40%,"40,582","58,278",,(X),(X),32.20%
Montana!!Nonfamily households!!Margin of Error,"±6,008",±1.1,±1.1,±1.2,±1.3,±1.4,±1.4,±1.3,±1.2,±0.5,±0.7,"±1,321","±2,523",,(X),(X),(X)
Nebraska!!Households!!Estimate,"803,157",4.90%,3.40%,7.40%,7.60%,12.40%,17.40%,13.50%,17.40%,8.00%,8.00%,"69,597","94,599",,34.00%,(X),(X)
Nebraska!!Households!!Margin of Error,"±3,991",±0.4,±0.4,±0.5,±0.5,±0.6,±0.6,±0.6,±0.6,±0.5,±0.4,"±1,168","±1,700",,(X),(X),(X)
Nebraska!!Families!!Estimate,"501,595",2.80%,1.50%,3.90%,4.70%,9.60%,16.70%,15.40%,22.90%,11.40%,11.10%,"92,676","116,618",,(X),35.40%,(X)
Nebraska!!Families!!Margin of Error,"±6,684",±0.4,±0.3,±0.5,±0.5,±0.6,±0.7,±0.8,±0.9,±0.7,±0.7,"±1,584","±2,512",,(X),(X),(X)
Nebraska!!Married-couple families!!Estimate,"390,540",1.00%,0.60%,2.20%,3.10%,7.20%,15.30%,16.40%,26.60%,14.00%,13.60%,"106,393","132,582",,(X),(X),(X)
Nebraska!!Married-couple families!!Margin of Error,"±6,987",±0.2,±0.2,±0.4,±0.4,±0.6,±0.6,±0.9,±1.1,±0.9,±0.8,"±1,653","±3,175",,(X),(X),(X)
Nebraska!!Nonfamily households!!Estimate,"301,562",9.00%,6.90%,13.60%,13.10%,17.80%,19.10%,9.40%,7.10%,1.70%,2.20%,"40,712","54,076",,(X),(X),30.60%
Nebraska!!Nonfamily households!!Margin of Error,"±6,560",±0.9,±0.8,±0.9,±1.1,±1.4,±1.1,±0.8,±0.7,±0.3,±0.4,±914,"±2,074",,(X),(X),(X)
Nevada!!Households!!Estimate,"1,198,356",5.60%,3.10%,6.50%,7.40%,11.60%,17.60%,13.60%,17.90%,7.90%,8.80%,"72,333","98,422",,38.60%,(X),(X)
Nevada!!Households!!Margin of Error,"±7,074",±0.4,±0.3,±0.5,±0.4,±0.6,±0.6,±0.6,±0.6,±0.4,±0.4,"±1,026","±1,835",,(X),(X),(X)
Nevada!!Families!!Estimate,"773,666",3.80%,1.60%,4.40%,5.40%,10.70%,17.00%,15.30%,21.10%,9.70%,11.00%,"85,593","112,544",,(X),40.00%,(X)
Nevada!!Families!!Margin of Error,"±11,594",±0.4,±0.3,±0.5,±0.5,±0.6,±0.7,±0.7,±0.9,±0.5,±0.6,"±1,877","±2,556",,(X),(X),(X)
Nevada!!Married-couple families!!Estimate,"530,175",1.90%,0.90%,2.80%,4.00%,8.30%,15.60%,16.00%,24.20%,12.20%,14.10%,"100,620","129,581",,(X),(X),(X)
Nevada!!Married-couple families!!Margin of Error,"±9,613",±0.4,±0.2,±0.4,±0.5,±0.7,±0.9,±1.0,±1.2,±0.7,±0.8,"±1,866","±3,354",,(X),(X),(X)
Nevada!!Nonfamily households!!Estimate,"424,690",10.20%,5.80%,11.20%,11.70%,14.30%,19.50%,10.10%,10.00%,3.00%,4.20%,"46,176","66,078",,(X),(X),34.40%
Nevada!!Nonfamily households!!Margin of Error,"±9,909",±0.9,±0.7,±1.0,±0.9,±1.0,±1.1,±1.0,±0.8,±0.4,±0.6,"±1,218","±2,226",,(X),(X),(X)
New Hampshire!!Households!!Estimate,"557,220",3.10%,2.80%,5.30%,5.70%,8.80%,16.00%,13.10%,18.60%,11.50%,15.00%,"89,992","119,452",,33.40%,(X),(X)
New Hampshire!!Households!!Margin of Error,"±4,834",±0.4,±0.4,±0.6,±0.5,±0.7,±0.9,±0.7,±0.9,±0.6,±0.8,"±2,310","±2,468",,(X),(X),(X)
New Hampshire!!Families!!Estimate,"358,120",1.60%,1.20%,2.10%,3.70%,6.80%,14.10%,13.90%,22.30%,14.90%,19.40%,"112,950","140,757",,(X),34.30%,(X)
New Hampshire!!Families!!Margin of Error,"±5,637",±0.3,±0.3,±0.4,±0.5,±0.7,±1.0,±1.0,±1.3,±0.9,±1.1,"±2,905","±3,072",,(X),(X),(X)
New Hampshire!!Married-couple families!!Estimate,"285,354",0.70%,0.60%,1.50%,2.60%,5.00%,12.60%,13.30%,24.10%,16.90%,22.60%,"126,386","154,617",,(X),(X),(X)
New Hampshire!!Married-couple families!!Margin of Error,"±5,422",±0.2,±0.2,±0.4,±0.5,±0.6,±1.0,±1.0,±1.5,±1.0,±1.2,"±3,142","±3,495",,(X),(X),(X)
New Hampshire!!Nonfamily households!!Estimate,"199,100",6.40%,6.30%,11.40%,9.90%,13.20%,19.80%,11.90%,11.30%,4.40%,5.40%,"52,292","75,262",,(X),(X),30.20%
New Hampshire!!Nonfamily households!!Margin of Error,"±5,765",±0.9,±1.0,±1.2,±1.2,±1.6,±1.6,±1.2,±1.1,±0.7,±0.8,"±1,703","±3,536",,(X),(X),(X)
New Jersey!!Households!!Estimate,"3,516,978",4.40%,2.90%,5.00%,5.90%,7.90%,13.70%,11.60%,18.10%,11.50%,18.90%,"96,346","134,191",,39.50%,(X),(X)
New Jersey!!Households!!Margin of Error,"±9,044",±0.2,±0.2,±0.2,±0.2,±0.3,±0.4,±0.3,±0.4,±0.3,±0.4,"±1,114","±1,358",,(X),(X),(X)
New Jersey!!Families!!Estimate,"2,378,459",2.20%,1.40%,3.40%,4.20%,6.80%,12.40%,11.50%,20.00%,13.80%,24.30%,"117,988","157,601",,(X),41.60%,(X)
New Jersey!!Families!!Margin of Error,"±15,865",±0.2,±0.1,±0.3,±0.3,±0.4,±0.4,±0.4,±0.4,±0.4,±0.5,"±1,589","±1,686",,(X),(X),(X)
New Jersey!!Married-couple families!!Estimate,"1,753,523",1.20%,0.70%,1.90%,2.60%,4.90%,10.50%,10.70%,20.90%,16.10%,30.50%,"140,500","181,939",,(X),(X),(X)
New Jersey!!Married-couple families!!Margin of Error,"±16,037",±0.1,±0.1,±0.2,±0.2,±0.3,±0.4,±0.4,±0.6,±0.5,±0.6,"±1,507","±1,938",,(X),(X),(X)
New Jersey!!Nonfamily households!!Estimate,"1,138,519",9.70%,6.40%,8.70%,10.20%,11.20%,17.20%,11.60%,13.10%,5.90%,6.20%,"54,589","78,512",,(X),(X),33.40%
New Jersey!!Nonfamily households!!Margin of Error,"±15,495",±0.5,±0.5,±0.5,±0.5,±0.5,±0.6,±0.6,±0.6,±0.4,±0.4,"±1,202","±1,893",,(X),(X),(X)
New Mexico!!Households!!Estimate,"848,218",7.40%,4.90%,9.50%,9.20%,12.10%,16.30%,12.50%,15.60%,6.40%,6.30%,"59,726","82,382",,36.70%,(X),(X)
New Mexico!!Households!!Margin of Error,"±4,975",±0.6,±0.4,±0.6,±0.6,±0.6,±0.8,±0.6,±0.7,±0.4,±0.4,"±1,306","±1,541",,(X),(X),(X)
New Mexico!!Families!!Estimate,"516,464",4.50%,2.60%,6.50%,7.90%,12.00%,17.00%,14.10%,18.60%,8.50%,8.30%,"74,341","97,014",,(X),39.50%,(X)
New Mexico!!Families!!Margin of Error,"±8,138",±0.5,±0.4,±0.7,±0.8,±0.9,±1.1,±1.0,±1.0,±0.7,±0.6,"±1,775","±1,806",,(X),(X),(X)
New Mexico!!Married-couple families!!Estimate,"344,144",1.80%,1.40%,4.70%,5.50%,10.20%,15.20%,15.50%,22.70%,11.50%,11.50%,"92,049","116,046",,(X),(X),(X)
New Mexico!!Married-couple families!!Margin of Error,"±7,331",±0.4,±0.3,±0.7,±0.7,±1.0,±1.1,±1.3,±1.3,±1.0,±0.8,"±2,669","±2,437",,(X),(X),(X)
New Mexico!!Nonfamily households!!Estimate,"331,754",13.00%,8.90%,14.50%,11.90%,13.00%,15.30%,8.70%,9.90%,2.30%,2.60%,"36,532","55,207",,(X),(X),30.70%
New Mexico!!Nonfamily households!!Margin of Error,"±8,427",±1.2,±0.9,±1.1,±1.0,±1.0,±1.2,±0.9,±1.0,±0.5,±0.4,"±1,339","±2,176",,(X),(X),(X)
New York!!Households!!Estimate,"7,774,308",6.80%,4.10%,6.70%,6.50%,9.30%,14.30%,11.60%,16.40%,9.40%,15.00%,"79,557","119,130",,43.30%,(X),(X)
New York!!Households!!Margin of Error,"±19,481",±0.2,±0.2,±0.2,±0.2,±0.2,±0.2,±0.3,±0.2,±0.2,±0.2,±722,±887,,(X),(X),(X)
New York!!Families!!Estimate,"4,738,232",4.20%,2.20%,4.70%,5.20%,8.20%,13.60%,12.30%,19.00%,11.60%,18.90%,"99,066","141,334",,(X),46.80%,(X)
New York!!Families!!Margin of Error,"±25,470",±0.2,±0.1,±0.2,±0.2,±0.2,±0.3,±0.3,±0.3,±0.2,±0.3,±815,"±1,238",,(X),(X),(X)
New York!!Married-couple families!!Estimate,"3,288,930",1.60%,1.10%,3.10%,3.70%,6.50%,11.90%,12.20%,21.10%,14.10%,24.60%,"121,320","168,776",,(X),(X),(X)
New York!!Married-couple families!!Margin of Error,"±25,343",±0.1,±0.1,±0.2,±0.2,±0.2,±0.3,±0.3,±0.4,±0.3,±0.4,±940,"±1,838",,(X),(X),(X)
New York!!Nonfamily households!!Estimate,"3,036,076",11.60%,7.50%,10.30%,8.90%,11.50%,15.70%,10.50%,11.40%,5.10%,7.50%,"50,181","78,600",,(X),(X),36.40%
New York!!Nonfamily households!!Margin of Error,"±25,008",±0.3,±0.3,±0.3,±0.3,±0.3,±0.4,±0.4,±0.4,±0.2,±0.3,±780,"±1,257",,(X),(X),(X)
North Carolina!!Households!!Estimate,"4,299,266",5.40%,4.00%,7.40%,8.10%,12.10%,17.70%,13.00%,16.00%,7.40%,8.70%,"67,481","94,353",,36.80%,(X),(X)
North Carolina!!Households!!Margin of Error,"±15,150",±0.2,±0.2,±0.2,±0.2,±0.3,±0.3,±0.3,±0.4,±0.2,±0.2,±623,±843,,(X),(X),(X)
North Carolina!!Families!!Estimate,"2,785,497",3.40%,2.10%,4.70%,6.30%,10.60%,17.50%,14.70%,19.30%,9.60%,11.80%,"83,448","112,123",,(X),38.50%,(X)
North Carolina!!Families!!Margin of Error,"±19,389",±0.2,±0.2,±0.2,±0.3,±0.3,±0.4,±0.3,±0.5,±0.4,±0.3,±914,"±1,205",,(X),(X),(X)
North Carolina!!Married-couple families!!Estimate,"2,057,368",1.50%,0.90%,2.80%,4.20%,8.40%,16.50%,15.80%,22.90%,11.90%,15.10%,"99,793","130,320",,(X),(X),(X)
North Carolina!!Married-couple families!!Margin of Error,"±19,109",±0.2,±0.1,±0.2,±0.2,±0.3,±0.5,±0.4,±0.6,±0.4,±0.4,"±1,160","±1,470",,(X),(X),(X)
North Carolina!!Nonfamily households!!Estimate,"1,513,769",9.90%,7.90%,13.00%,12.10%,15.30%,18.20%,9.10%,8.90%,2.90%,2.60%,"41,534","58,122",,(X),(X),32.60%
North Carolina!!Nonfamily households!!Margin of Error,"±18,054",±0.4,±0.3,±0.5,±0.4,±0.5,±0.5,±0.4,±0.4,±0.3,±0.2,±469,±969,,(X),(X),(X)
North Dakota!!Households!!Estimate,"331,481",5.00%,4.00%,6.60%,6.70%,11.80%,17.60%,14.10%,17.80%,8.00%,8.30%,"71,970","97,699",,34.60%,(X),(X)
North Dakota!!Households!!Margin of Error,"±3,670",±0.7,±0.7,±0.7,±0.7,±1.0,±1.2,±1.0,±1.1,±0.8,±0.8,"±2,072","±2,859",,(X),(X),(X)
North Dakota!!Families!!Estimate,"193,761",2.20%,1.60%,2.70%,4.50%,8.50%,16.70%,15.40%,24.10%,11.90%,12.40%,"97,853","125,399",,(X),36.70%,(X)
North Dakota!!Families!!Margin of Error,"±4,911",±0.6,±0.4,±0.6,±0.8,±1.0,±1.6,±1.3,±1.6,±1.2,±1.2,"±2,741","±4,783",,(X),(X),(X)
North Dakota!!Married-couple families!!Estimate,"156,026",1.00%,0.50%,1.70%,3.40%,6.50%,14.80%,16.20%,27.80%,14.00%,14.30%,"108,453","138,061",,(X),(X),(X)
North Dakota!!Married-couple families!!Margin of Error,"±4,883",±0.3,±0.2,±0.4,±0.8,±0.9,±1.6,±1.3,±1.8,±1.5,±1.4,"±2,945","±5,588",,(X),(X),(X)
North Dakota!!Nonfamily households!!Estimate,"137,720",9.50%,7.80%,12.20%,10.30%,17.80%,19.10%,11.40%,7.50%,2.20%,2.10%,"43,372","55,371",,(X),(X),30.90%
North Dakota!!Nonfamily households!!Margin of Error,"±4,642",±1.5,±1.4,±1.5,±1.4,±1.9,±1.9,±1.6,±1.1,±0.7,±0.8,"±1,791","±2,771",,(X),(X),(X)
Ohio!!Households!!Estimate,"4,878,206",5.90%,4.40%,7.50%,8.20%,12.00%,17.80%,13.20%,16.00%,7.40%,7.70%,"65,720","90,109",,34.10%,(X),(X)
Ohio!!Households!!Margin of Error,"±13,413",±0.2,±0.2,±0.2,±0.3,±0.2,±0.3,±0.3,±0.3,±0.2,±0.2,±618,±655,,(X),(X),(X)
Ohio!!Families!!Estimate,"2,983,145",3.60%,2.00%,4.40%,5.80%,10.00%,17.30%,15.10%,20.70%,10.40%,10.90%,"86,001","110,719",,(X),35.50%,(X)
Ohio!!Families!!Margin of Error,"±20,221",±0.2,±0.1,±0.2,±0.3,±0.3,±0.4,±0.4,±0.4,±0.3,±0.3,±795,±941,,(X),(X),(X)
Ohio!!Married-couple families!!Estimate,"2,173,755",1.20%,0.80%,2.40%,3.80%,7.40%,16.10%,16.30%,24.70%,13.10%,14.30%,"103,290","129,527",,(X),(X),(X)
Ohio!!Married-couple families!!Margin of Error,"±19,532",±0.1,±0.1,±0.2,±0.2,±0.3,±0.5,±0.4,±0.5,±0.4,±0.3,±866,"±1,126",,(X),(X),(X)
Ohio!!Nonfamily households!!Estimate,"1,895,061",10.40%,8.30%,12.80%,12.60%,16.10%,18.10%,9.50%,7.80%,2.20%,2.10%,"40,164","54,221",,(X),(X),30.70%
Ohio!!Nonfamily households!!Margin of Error,"±22,586",±0.5,±0.4,±0.4,±0.4,±0.4,±0.5,±0.4,±0.4,±0.2,±0.2,±580,±783,,(X),(X),(X)
Oklahoma!!Households!!Estimate,"1,573,180",6.40%,4.60%,9.20%,8.80%,13.20%,18.10%,12.40%,14.80%,6.30%,6.20%,"59,673","82,741",,38.10%,(X),(X)
Oklahoma!!Households!!Margin of Error,"±5,742",±0.3,±0.3,±0.3,±0.3,±0.3,±0.4,±0.4,±0.4,±0.3,±0.3,±689,±894,,(X),(X),(X)
Oklahoma!!Families!!Estimate,"1,017,586",4.20%,2.40%,5.80%,6.80%,12.00%,18.50%,14.60%,18.70%,8.40%,8.50%,"75,476","98,937",,(X),39.40%,(X)
Oklahoma!!Families!!Margin of Error,"±8,941",±0.3,±0.2,±0.3,±0.4,±0.4,±0.5,±0.5,±0.6,±0.4,±0.4,"±1,109","±1,378",,(X),(X),(X)
Oklahoma!!Married-couple families!!Estimate,"746,847",1.70%,1.40%,3.60%,4.70%,9.60%,18.20%,16.60%,22.70%,10.70%,10.80%,"90,595","114,545",,(X),(X),(X)
Oklahoma!!Married-couple families!!Margin of Error,"±7,970",±0.2,±0.2,±0.3,±0.3,±0.5,±0.6,±0.7,±0.7,±0.5,±0.4,"±1,253","±1,704",,(X),(X),(X)
Oklahoma!!Nonfamily households!!Estimate,"555,594",11.70%,9.20%,16.00%,12.60%,16.20%,16.90%,7.20%,6.70%,1.80%,1.60%,"35,419","49,318",,(X),(X),34.10%
Oklahoma!!Nonfamily households!!Margin of Error,"±8,237",±0.6,±0.6,±0.8,±0.7,±0.7,±0.9,±0.5,±0.6,±0.2,±0.2,±842,"±1,225",,(X),(X),(X)
Oregon!!Households!!Estimate,"1,726,340",5.10%,3.40%,6.90%,6.70%,10.90%,16.60%,13.30%,17.90%,8.60%,10.60%,"75,657","102,923",,31.70%,(X),(X)
Oregon!!Households!!Margin of Error,"±6,662",±0.3,±0.3,±0.3,±0.4,±0.4,±0.5,±0.5,±0.5,±0.3,±0.4,"±1,181","±1,395",,(X),(X),(X)
Oregon!!Families!!Estimate,"1,041,083",3.10%,1.50%,3.80%,5.00%,9.50%,16.00%,14.30%,21.20%,11.30%,14.40%,"93,384","123,364",,(X),32.70%,(X)
Oregon!!Families!!Margin of Error,"±10,346",±0.3,±0.2,±0.3,±0.4,±0.6,±0.6,±0.6,±0.7,±0.5,±0.5,"±1,850","±2,103",,(X),(X),(X)
Oregon!!Married-couple families!!Estimate,"788,221",1.40%,0.70%,2.30%,3.50%,7.40%,14.90%,14.90%,23.70%,13.30%,17.90%,"108,201","140,570",,(X),(X),(X)
Oregon!!Married-couple families!!Margin of Error,"±10,754",±0.3,±0.2,±0.3,±0.4,±0.5,±0.7,±0.7,±0.7,±0.6,±0.7,"±1,427","±2,488",,(X),(X),(X)
Oregon!!Nonfamily households!!Estimate,"685,257",9.00%,6.70%,12.10%,9.60%,14.00%,17.90%,11.10%,11.70%,3.90%,4.00%,"48,114","66,755",,(X),(X),28.70%
Oregon!!Nonfamily households!!Margin of Error,"±9,930",±0.6,±0.6,±0.7,±0.6,±0.7,±0.8,±0.6,±0.7,±0.4,±0.4,"±1,595","±1,634",,(X),(X),(X)
Pennsylvania!!Households!!Estimate,"5,294,065",5.50%,3.70%,7.30%,7.70%,10.80%,16.90%,12.60%,16.80%,8.30%,10.30%,"71,798","100,015",,37.20%,(X),(X)
Pennsylvania!!Households!!Margin of Error,"±14,260",±0.2,±0.1,±0.2,±0.2,±0.3,±0.3,±0.3,±0.2,±0.2,±0.2,±557,±778,,(X),(X),(X)
Pennsylvania!!Families!!Estimate,"3,294,814",3.10%,1.70%,4.20%,5.40%,9.20%,16.10%,14.00%,20.90%,11.20%,14.30%,"93,029","121,871",,(X),39.10%,(X)
Pennsylvania!!Families!!Margin of Error,"±21,729",±0.2,±0.1,±0.2,±0.2,±0.3,±0.4,±0.3,±0.4,±0.2,±0.3,±901,±989,,(X),(X),(X)
Pennsylvania!!Married-couple families!!Estimate,"2,462,324",1.30%,0.80%,2.40%,3.70%,7.10%,14.60%,14.50%,24.00%,13.60%,18.00%,"109,173","140,307",,(X),(X),(X)
Pennsylvania!!Married-couple families!!Margin of Error,"±19,809",±0.1,±0.1,±0.2,±0.2,±0.3,±0.4,±0.4,±0.4,±0.3,±0.4,±930,"±1,198",,(X),(X),(X)
Pennsylvania!!Nonfamily households!!Estimate,"1,999,251",10.30%,7.40%,12.90%,11.80%,14.20%,18.10%,10.00%,9.00%,3.10%,3.20%,"42,203","60,489",,(X),(X),32.90%
Pennsylvania!!Nonfamily households!!Margin of Error,"±19,753",±0.4,±0.4,±0.4,±0.4,±0.4,±0.5,±0.4,±0.4,±0.2,±0.2,±636,"±1,072",,(X),(X),(X)
Rhode Island!!Households!!Estimate,"446,688",5.40%,4.30%,6.20%,6.00%,8.40%,15.50%,13.10%,19.00%,10.10%,11.90%,"81,854","108,023",,40.80%,(X),(X)
Rhode Island!!Households!!Margin of Error,"±3,663",±0.7,±0.7,±0.7,±0.6,±0.7,±1.3,±1.0,±1.2,±0.8,±0.8,"±2,182","±3,563",,(X),(X),(X)
Rhode Island!!Families!!Estimate,"266,935",3.00%,1.70%,2.90%,4.40%,6.20%,15.20%,13.60%,22.70%,13.80%,16.60%,"105,989","133,207",,(X),42.80%,(X)
Rhode Island!!Families!!Margin of Error,"±5,950",±0.8,±0.5,±0.6,±0.9,±0.9,±1.7,±1.5,±1.6,±1.2,±1.2,"±3,402","±5,318",,(X),(X),(X)
Rhode Island!!Married-couple families!!Estimate,"188,207",1.40%,0.80%,1.90%,2.20%,4.30%,12.30%,13.60%,24.30%,17.20%,22.00%,"126,702","153,078",,(X),(X),(X)
Rhode Island!!Married-couple families!!Margin of Error,"±5,587",±0.5,±0.4,±0.6,±0.6,±0.8,±1.6,±1.7,±1.9,±1.5,±1.6,"±3,624","±4,625",,(X),(X),(X)
Rhode Island!!Nonfamily households!!Estimate,"179,753",9.70%,8.60%,11.60%,8.50%,12.90%,16.90%,12.50%,11.50%,4.00%,3.80%,"48,459","65,595",,(X),(X),36.30%
Rhode Island!!Nonfamily households!!Margin of Error,"±6,366",±1.5,±1.6,±1.5,±1.4,±1.4,±2.1,±1.3,±1.5,±1.0,±0.8,"±3,033","±3,112",,(X),(X),(X)
South Carolina!!Households!!Estimate,"2,136,080",6.10%,4.20%,7.80%,8.80%,12.60%,17.40%,13.50%,15.60%,6.60%,7.50%,"64,115","88,704",,39.40%,(X),(X)
South Carolina!!Households!!Margin of Error,"±11,784",±0.3,±0.3,±0.3,±0.4,±0.4,±0.4,±0.4,±0.5,±0.3,±0.3,±699,"±1,191",,(X),(X),(X)
South Carolina!!Families!!Estimate,"1,398,412",3.70%,2.20%,5.30%,7.00%,11.20%,17.00%,15.40%,19.50%,8.80%,10.10%,"79,886","105,495",,(X),40.60%,(X)
South Carolina!!Families!!Margin of Error,"±15,620",±0.4,±0.3,±0.3,±0.4,±0.5,±0.6,±0.6,±0.6,±0.4,±0.5,"±1,144","±1,515",,(X),(X),(X)
South Carolina!!Married-couple families!!Estimate,"1,018,293",1.40%,1.00%,3.10%,4.90%,8.70%,16.60%,16.60%,23.50%,11.10%,13.10%,"96,419","123,598",,(X),(X),(X)
South Carolina!!Married-couple families!!Margin of Error,"±15,568",±0.2,±0.2,±0.3,±0.4,±0.5,±0.7,±0.7,±0.7,±0.6,±0.6,"±1,546","±2,139",,(X),(X),(X)
South Carolina!!Nonfamily households!!Estimate,"737,668",11.70%,8.50%,13.10%,12.50%,15.60%,17.70%,9.20%,7.30%,2.10%,2.30%,"38,426","53,647",,(X),(X),36.20%
South Carolina!!Nonfamily households!!Margin of Error,"±13,941",±0.8,±0.6,±0.7,±0.7,±0.9,±0.8,±0.6,±0.5,±0.3,±0.3,±805,"±1,611",,(X),(X),(X)
South Dakota!!Households!!Estimate,"368,300",5.00%,3.80%,7.30%,7.50%,11.50%,18.40%,14.30%,18.20%,7.10%,6.90%,"69,728","90,806",,32.80%,(X),(X)
South Dakota!!Households!!Margin of Error,"±3,163",±0.6,±0.4,±0.7,±0.7,±0.9,±1.1,±0.8,±1.0,±0.8,±0.6,"±2,128","±2,578",,(X),(X),(X)
South Dakota!!Families!!Estimate,"224,853",2.80%,1.40%,4.30%,4.60%,8.80%,17.90%,16.80%,23.90%,10.00%,9.50%,"89,573","110,227",,(X),33.30%,(X)
South Dakota!!Families!!Margin of Error,"±4,463",±0.5,±0.4,±0.7,±0.8,±0.9,±1.3,±1.1,±1.4,±1.1,±0.8,"±2,352","±3,274",,(X),(X),(X)
South Dakota!!Married-couple families!!Estimate,"177,786",1.00%,0.90%,2.70%,3.00%,6.80%,16.00%,18.20%,27.90%,12.10%,11.50%,"101,659","123,656",,(X),(X),(X)
South Dakota!!Married-couple families!!Margin of Error,"±4,467",±0.4,±0.3,±0.6,±0.7,±0.8,±1.4,±1.3,±1.6,±1.4,±1.0,"±2,047","±3,725",,(X),(X),(X)
South Dakota!!Nonfamily households!!Estimate,"143,447",9.00%,7.80%,12.50%,12.70%,16.80%,19.60%,9.00%,7.90%,2.10%,2.60%,"42,028","57,250",,(X),(X),31.00%
South Dakota!!Nonfamily households!!Margin of Error,"±4,427",±1.3,±1.1,±1.4,±1.5,±1.7,±1.8,±1.1,±1.2,±0.8,±0.8,"±1,473","±3,600",,(X),(X),(X)
Tennessee!!Households!!Estimate,"2,846,684",5.40%,4.30%,7.80%,8.20%,12.60%,18.00%,13.30%,15.70%,7.20%,7.50%,"65,254","89,799",,38.50%,(X),(X)
Tennessee!!Households!!Margin of Error,"±11,934",±0.3,±0.2,±0.3,±0.3,±0.4,±0.4,±0.4,±0.4,±0.3,±0.3,±848,±893,,(X),(X),(X)
Tennessee!!Families!!Estimate,"1,846,572",3.90%,2.00%,4.80%,6.30%,11.20%,17.90%,15.10%,19.50%,9.30%,10.00%,"80,910","105,555",,(X),39.90%,(X)
Tennessee!!Families!!Margin of Error,"±15,493",±0.3,±0.2,±0.3,±0.4,±0.4,±0.5,±0.5,±0.5,±0.4,±0.4,±768,"±1,056",,(X),(X),(X)
Tennessee!!Married-couple families!!Estimate,"1,342,153",1.50%,1.00%,2.80%,4.30%,9.00%,17.20%,16.30%,23.30%,11.70%,12.80%,"96,141","123,035",,(X),(X),(X)
Tennessee!!Married-couple families!!Margin of Error,"±16,381",±0.2,±0.1,±0.3,±0.3,±0.4,±0.6,±0.5,±0.6,±0.6,±0.5,"±1,240","±1,405",,(X),(X),(X)
Tennessee!!Nonfamily households!!Estimate,"1,000,112",9.40%,8.90%,13.70%,12.30%,15.60%,18.10%,9.40%,7.50%,2.60%,2.60%,"40,285","56,860",,(X),(X),34.20%
Tennessee!!Nonfamily households!!Margin of Error,"±16,201",±0.6,±0.5,±0.6,±0.6,±0.7,±0.7,±0.6,±0.5,±0.3,±0.3,±651,"±1,331",,(X),(X),(X)
Texas!!Households!!Estimate,"11,087,708",5.50%,3.60%,6.60%,7.80%,11.00%,17.10%,12.80%,16.20%,8.70%,10.70%,"72,284","101,738",,37.80%,(X),(X)
Texas!!Households!!Margin of Error,"±20,293",±0.1,±0.1,±0.2,±0.2,±0.2,±0.2,±0.2,±0.2,±0.2,±0.2,±443,±589,,(X),(X),(X)
Texas!!Families!!Estimate,"7,483,376",4.00%,2.10%,4.80%,6.60%,9.80%,16.10%,13.60%,18.70%,10.70%,13.50%,"86,267","117,182",,(X),40.60%,(X)
Texas!!Families!!Margin of Error,"±34,294",±0.1,±0.1,±0.2,±0.2,±0.2,±0.3,±0.3,±0.3,±0.2,±0.2,±749,±878,,(X),(X),(X)
Texas!!Married-couple families!!Estimate,"5,401,546",1.70%,1.10%,2.90%,4.60%,7.70%,14.90%,14.20%,21.70%,13.50%,17.60%,"105,245","137,489",,(X),(X),(X)
Texas!!Married-couple families!!Margin of Error,"±28,187",±0.1,±0.1,±0.2,±0.2,±0.2,±0.3,±0.3,±0.3,±0.3,±0.3,±833,"±1,094",,(X),(X),(X)
Texas!!Nonfamily households!!Estimate,"3,604,332",10.40%,7.10%,10.90%,10.90%,14.00%,18.80%,10.30%,9.90%,3.70%,4.00%,"45,999","64,874",,(X),(X),30.60%
Texas!!Nonfamily households!!Margin of Error,"±30,353",±0.3,±0.3,±0.3,±0.3,±0.4,±0.5,±0.4,±0.4,±0.2,±0.2,±586,±806,,(X),(X),(X)
Utah!!Households!!Estimate,"1,129,660",3.00%,2.40%,4.10%,5.90%,9.10%,17.00%,14.40%,21.00%,11.20%,11.90%,"89,168","114,044",,34.20%,(X),(X)
Utah!!Households!!Margin of Error,"±5,750",±0.3,±0.3,±0.3,±0.4,±0.5,±0.6,±0.5,±0.6,±0.5,±0.5,"±1,807","±1,634",,(X),(X),(X)
Utah!!Families!!Estimate,"830,599",2.00%,1.30%,2.50%,4.00%,7.50%,16.30%,15.00%,24.20%,13.10%,14.10%,"102,177","127,229",,(X),33.70%,(X)
Utah!!Families!!Margin of Error,"±8,372",±0.3,±0.2,±0.3,±0.4,±0.5,±0.7,±0.6,±0.7,±0.6,±0.5,"±1,231","±1,894",,(X),(X),(X)
Utah!!Married-couple families!!Estimate,"672,316",1.00%,1.00%,2.00%,2.90%,6.20%,14.40%,15.20%,26.10%,14.70%,16.40%,"111,564","138,068",,(X),(X),(X)
Utah!!Married-couple families!!Margin of Error,"±8,906",±0.2,±0.2,±0.3,±0.3,±0.5,±0.7,±0.7,±0.8,±0.7,±0.7,"±1,748","±2,270",,(X),(X),(X)
Utah!!Nonfamily households!!Estimate,"299,061",7.00%,5.90%,9.00%,11.70%,14.70%,20.20%,12.40%,10.40%,4.80%,3.90%,"51,496","69,275",,(X),(X),32.30%
Utah!!Nonfamily households!!Margin of Error,"±7,544",±0.9,±0.8,±0.7,±1.0,±1.2,±1.6,±1.0,±0.9,±0.9,±0.6,"±1,620","±2,365",,(X),(X),(X)
Vermont!!Households!!Estimate,"277,090",4.00%,3.80%,6.70%,8.10%,11.00%,17.10%,13.80%,17.10%,9.90%,8.50%,"73,991","97,261",,32.50%,(X),(X)
Vermont!!Households!!Margin of Error,"±3,178",±0.5,±0.6,±0.8,±0.8,±1.0,±1.0,±1.0,±1.1,±0.9,±0.7,"±2,209","±2,233",,(X),(X),(X)
Vermont!!Families!!Estimate,"164,496",2.00%,1.50%,4.00%,5.50%,8.60%,15.10%,15.70%,22.30%,13.20%,12.00%,"96,345","117,603",,(X),32.60%,(X)
Vermont!!Families!!Margin of Error,"±4,186",±0.4,±0.5,±0.8,±0.8,±1.0,±1.1,±1.5,±1.6,±1.3,±1.2,"±2,288","±3,128",,(X),(X),(X)
Vermont!!Married-couple families!!Estimate,"131,234",0.80%,0.70%,1.90%,4.40%,7.20%,13.50%,16.20%,25.10%,15.80%,14.30%,"108,671","130,659",,(X),(X),(X)
Vermont!!Married-couple families!!Margin of Error,"±4,039",±0.3,±0.4,±0.5,±0.9,±0.9,±1.1,±1.7,±1.9,±1.6,±1.3,"±3,764","±3,216",,(X),(X),(X)
Vermont!!Nonfamily households!!Estimate,"112,594",7.20%,7.30%,12.30%,12.80%,14.40%,19.40%,10.70%,8.80%,4.30%,2.80%,"46,022","63,143",,(X),(X),31.00%
Vermont!!Nonfamily households!!Margin of Error,"±4,613",±1.2,±1.4,±1.7,±1.5,±1.8,±1.7,±1.5,±1.3,±1.1,±0.7,"±1,963","±2,776",,(X),(X),(X)
Virginia!!Households!!Estimate,"3,380,607",4.90%,3.20%,5.80%,6.10%,9.30%,14.90%,12.20%,18.10%,10.30%,15.40%,"85,873","119,058",,37.20%,(X),(X)
Virginia!!Households!!Margin of Error,"±12,353",±0.2,±0.2,±0.2,±0.2,±0.3,±0.4,±0.3,±0.3,±0.3,±0.3,±763,"±1,107",,(X),(X),(X)
Virginia!!Families!!Estimate,"2,191,916",2.80%,1.60%,3.70%,4.40%,7.80%,13.80%,12.60%,20.40%,12.70%,20.30%,"107,101","141,078",,(X),39.20%,(X)
Virginia!!Families!!Margin of Error,"±15,569",±0.2,±0.2,±0.2,±0.2,±0.3,±0.4,±0.4,±0.4,±0.4,±0.4,"±1,183","±1,529",,(X),(X),(X)
Virginia!!Married-couple families!!Estimate,"1,642,002",1.00%,0.80%,2.00%,2.90%,5.50%,11.90%,12.70%,22.60%,15.10%,25.50%,"126,808","163,178",,(X),(X),(X)
Virginia!!Married-couple families!!Margin of Error,"±15,837",±0.1,±0.1,±0.2,±0.2,±0.3,±0.4,±0.4,±0.5,±0.5,±0.5,"±1,265","±1,873",,(X),(X),(X)
Virginia!!Nonfamily households!!Estimate,"1,188,691",9.50%,6.40%,10.20%,9.50%,12.90%,17.30%,10.90%,12.70%,5.40%,5.10%,"51,436","73,302",,(X),(X),32.40%
Virginia!!Nonfamily households!!Margin of Error,"±14,344",±0.5,±0.4,±0.5,±0.5,±0.5,±0.7,±0.5,±0.5,±0.3,±0.3,±772,"±1,440",,(X),(X),(X)
Washington!!Households!!Estimate,"3,079,953",4.50%,2.80%,4.90%,5.40%,8.80%,14.70%,13.10%,18.90%,10.50%,16.20%,"91,306","125,847",,33.30%,(X),(X)
Washington!!Households!!Margin of Error,"±10,236",±0.2,±0.2,±0.2,±0.2,±0.3,±0.4,±0.3,±0.4,±0.3,±0.3,±841,"±1,146",,(X),(X),(X)
Washington!!Families!!Estimate,"1,935,445",2.90%,1.30%,2.80%,3.60%,7.20%,13.40%,13.80%,21.70%,13.00%,20.40%,"109,192","146,344",,(X),34.90%,(X)
Washington!!Families!!Margin of Error,"±12,852",±0.3,±0.1,±0.2,±0.2,±0.3,±0.4,±0.4,±0.5,±0.5,±0.4,"±1,400","±1,629",,(X),(X),(X)
Washington!!Married-couple families!!Estimate,"1,499,199",1.50%,0.60%,1.70%,2.50%,5.50%,12.00%,13.50%,23.30%,14.80%,24.60%,"124,257","165,028",,(X),(X),(X)
Washington!!Married-couple families!!Margin of Error,"±14,808",±0.2,±0.1,±0.2,±0.2,±0.3,±0.4,±0.5,±0.6,±0.5,±0.5,"±1,347","±1,915",,(X),(X),(X)
Washington!!Nonfamily households!!Estimate,"1,144,508",8.20%,5.70%,8.80%,8.90%,12.20%,17.60%,11.70%,13.50%,5.70%,7.70%,"57,299","84,851",,(X),(X),29.10%
Washington!!Nonfamily households!!Margin of Error,"±13,192",±0.5,±0.4,±0.4,±0.5,±0.5,±0.7,±0.5,±0.6,±0.4,±0.5,"±1,187","±1,987",,(X),(X),(X)
West Virginia!!Households!!Estimate,"736,341",7.10%,6.30%,10.50%,9.90%,12.50%,17.40%,12.20%,14.20%,5.10%,4.80%,"54,329","75,265",,34.20%,(X),(X)
West Virginia!!Households!!Margin of Error,"±6,960",±0.5,±0.5,±0.6,±0.7,±0.6,±0.8,±0.6,±0.7,±0.4,±0.4,"±1,336","±1,781",,(X),(X),(X)
West Virginia!!Families!!Estimate,"463,064",4.70%,3.20%,6.90%,8.00%,11.70%,18.90%,14.70%,18.40%,7.10%,6.40%,"70,318","89,306",,(X),36.40%,(X)
West Virginia!!Families!!Margin of Error,"±6,797",±0.5,±0.5,±0.6,±0.8,±0.8,±1.0,±0.9,±1.0,±0.6,±0.6,"±1,688","±2,271",,(X),(X),(X)
West Virginia!!Married-couple families!!Estimate,"338,510",1.70%,1.90%,4.70%,5.90%,10.70%,18.90%,16.70%,22.50%,9.00%,8.00%,"83,915","102,844",,(X),(X),(X)
West Virginia!!Married-couple families!!Margin of Error,"±6,745",±0.3,±0.5,±0.6,±0.7,±0.9,±1.1,±1.0,±1.3,±0.8,±0.8,"±1,768","±2,742",,(X),(X),(X)
West Virginia!!Nonfamily households!!Estimate,"273,277",12.50%,12.10%,17.10%,14.00%,13.70%,14.30%,7.30%,5.90%,1.30%,1.90%,"31,082","48,384",,(X),(X),29.30%
West Virginia!!Nonfamily households!!Margin of Error,"±7,207",±1.0,±1.1,±1.2,±1.2,±1.1,±1.2,±0.8,±0.7,±0.4,±0.5,±879,"±3,043",,(X),(X),(X)
Wisconsin!!Households!!Estimate,"2,491,121",4.60%,3.50%,7.00%,7.40%,12.00%,18.10%,13.70%,18.10%,8.00%,7.60%,"70,996","94,085",,32.10%,(X),(X)
Wisconsin!!Households!!Margin of Error,"±7,766",±0.2,±0.2,±0.2,±0.3,±0.3,±0.3,±0.3,±0.3,±0.3,±0.2,±644,±862,,(X),(X),(X)
Wisconsin!!Families!!Estimate,"1,511,105",2.60%,1.40%,3.60%,4.80%,9.30%,17.60%,15.60%,23.20%,11.30%,10.70%,"91,700","114,906",,(X),33.50%,(X)
Wisconsin!!Families!!Margin of Error,"±14,001",±0.2,±0.2,±0.2,±0.3,±0.4,±0.4,±0.4,±0.5,±0.4,±0.3,±825,"±1,212",,(X),(X),(X)
Wisconsin!!Married-couple families!!Estimate,"1,171,977",1.30%,0.70%,2.00%,3.00%,7.10%,16.10%,16.30%,26.60%,13.80%,13.10%,"105,109","129,517",,(X),(X),(X)
Wisconsin!!Married-couple families!!Margin of Error,"±12,919",±0.2,±0.1,±0.2,±0.2,±0.3,±0.5,±0.5,±0.5,±0.5,±0.4,±945,"±1,505",,(X),(X),(X)
Wisconsin!!Nonfamily households!!Estimate,"980,016",8.40%,6.80%,12.90%,12.10%,16.70%,19.30%,10.40%,8.80%,2.10%,2.40%,"42,812","57,892",,(X),(X),28.70%
Wisconsin!!Nonfamily households!!Margin of Error,"±13,484",±0.5,±0.3,±0.5,±0.5,±0.6,±0.5,±0.5,±0.4,±0.2,±0.2,±841,"±1,109",,(X),(X),(X)
Wyoming!!Households!!Estimate,"243,321",5.20%,3.40%,7.50%,8.20%,11.30%,17.70%,13.80%,18.70%,7.60%,6.60%,"70,042","90,018",,32.80%,(X),(X)
Wyoming!!Households!!Margin of Error,"±3,844",±0.9,±0.7,±0.9,±0.9,±1.1,±1.1,±1.1,±1.5,±1.0,±0.9,"±2,867","±3,589",,(X),(X),(X)
Wyoming!!Families!!Estimate,"153,365",3.20%,1.40%,4.70%,5.60%,9.80%,18.10%,15.60%,23.30%,10.30%,8.20%,"86,552","106,006",,(X),34.30%,(X)
Wyoming!!Families!!Margin of Error,"±4,835",±0.9,±0.5,±1.0,±0.8,±1.3,±1.5,±1.6,±1.8,±1.4,±1.2,"±3,366","±5,306",,(X),(X),(X)
Wyoming!!Married-couple families!!Estimate,"119,329",1.80%,0.70%,3.10%,4.00%,7.50%,17.70%,16.00%,26.30%,13.00%,9.90%,"98,789","117,273",,(X),(X),(X)
Wyoming!!Married-couple families!!Margin of Error,"±4,949",±0.8,±0.3,±0.9,±0.8,±1.2,±1.6,±1.8,±2.2,±1.8,±1.6,"±4,225","±5,525",,(X),(X),(X)
Wyoming!!Nonfamily households!!Estimate,"89,956",9.60%,6.90%,13.30%,12.70%,15.90%,17.50%,10.40%,8.20%,2.20%,3.30%,"40,019","57,301",,(X),(X),28.80%
Wyoming!!Nonfamily households!!Margin of Error,"±4,423",±1.7,±1.4,±1.9,±1.8,±2.0,±2.0,±1.7,±1.9,±0.9,±1.2,"±2,776","±3,886",,(X),(X),(X)
Puerto Rico!!Households!!Estimate,"1,289,311",22.40%,10.80%,18.20%,12.50%,12.90%,10.80%,5.60%,3.90%,1.60%,1.50%,"24,112","39,142",,35.50%,(X),(X)
Puerto Rico!!Households!!Margin of Error,"±9,077",±0.6,±0.5,±0.6,±0.5,±0.6,±0.4,±0.4,±0.3,±0.2,±0.2,±515,±949,,(X),(X),(X)
Puerto Rico!!Families!!Estimate,"820,788",16.70%,8.90%,18.10%,13.60%,14.30%,13.20%,6.70%,4.90%,1.90%,1.80%,"29,544","45,243",,(X),38.10%,(X)
Puerto Rico!!Families!!Margin of Error,"±12,139",±0.8,±0.6,±0.8,±0.7,±0.8,±0.7,±0.5,±0.4,±0.3,±0.3,±757,"±1,375",,(X),(X),(X)
Puerto Rico!!Married-couple families!!Estimate,"449,853",7.70%,7.40%,16.00%,13.40%,16.30%,16.50%,9.20%,7.20%,3.10%,3.10%,"39,637","59,169",,(X),(X),(X)
Puerto Rico!!Married-couple families!!Margin of Error,"±9,197",±0.7,±0.7,±0.9,±0.9,±1.3,±0.9,±0.8,±0.7,±0.5,±0.5,"±1,117","±2,220",,(X),(X),(X)
Puerto Rico!!Nonfamily households!!Estimate,"468,523",35.10%,14.90%,19.80%,10.60%,8.70%,5.20%,2.60%,1.70%,0.80%,0.60%,"15,006","24,694",,(X),(X),28.20%
Puerto Rico!!Nonfamily households!!Margin of Error,"±9,435",±1.2,±0.9,±0.9,±0.8,±0.7,±0.6,±0.4,±0.3,±0.3,±0.2,±414,±893,,(X),(X),(X)
